[{"id":1,"recover":1,"cost":[1002,1]},{"id":2,"recover":2,"cost":[1002,2]},{"id":3,"recover":3,"cost":[1002,3]},{"id":4,"recover":4,"cost":[1002,4]},{"id":5,"recover":5,"cost":[1002,5]},{"id":6,"recover":6,"cost":[1002,5]},{"id":7,"recover":7,"cost":[1002,5]},{"id":8,"recover":8,"cost":[1002,5]},{"id":9,"recover":9,"cost":[1002,5]},{"id":10,"recover":10,"cost":[1002,5]},{"id":11,"recover":11,"cost":[1002,5]},{"id":12,"recover":12,"cost":[1002,5]},{"id":13,"recover":13,"cost":[1002,5]},{"id":14,"recover":14,"cost":[1002,5]},{"id":15,"recover":15,"cost":[1002,5]},{"id":16,"recover":16,"cost":[1002,5]},{"id":17,"recover":17,"cost":[1002,5]},{"id":18,"recover":18,"cost":[1002,5]},{"id":19,"recover":19,"cost":[1002,5]},{"id":20,"recover":20,"cost":[1002,10]}]